From,To,TransportMode,Year,Flow
CaptureSite1,CaptureSite3,truck,0,0.0
CaptureSite1,CaptureSite3,truck,1,0.0
CaptureSite1,CaptureSite3,truck,2,0.0
CaptureSite1,CaptureSite3,truck,3,0.0
CaptureSite1,CaptureSite3,truck,4,0.0
CaptureSite1,CaptureSite3,truck,5,0.0
CaptureSite1,CaptureSite3,truck,6,0.0
CaptureSite1,CaptureSite3,truck,7,0.0
CaptureSite1,CaptureSite3,truck,8,0.0
CaptureSite1,CaptureSite3,truck,9,0.0
CaptureSite1,CaptureSite3,truck,10,0.0
CaptureSite1,CaptureSite3,truck,11,0.0
CaptureSite1,CaptureSite3,truck,12,0.0
CaptureSite1,CaptureSite3,truck,13,0.0
CaptureSite1,CaptureSite3,truck,14,0.0
CaptureSite1,CaptureSite3,truck,15,0.0
CaptureSite1,CaptureSite3,truck,16,0.0
CaptureSite1,CaptureSite3,truck,17,0.0
CaptureSite1,CaptureSite3,truck,18,0.0
CaptureSite1,CaptureSite3,truck,19,0.0
CaptureSite1,CaptureSite3,truck,20,0.0
CaptureSite1,CaptureSite3,truck,21,0.0
CaptureSite1,CaptureSite3,truck,22,0.0
CaptureSite1,CaptureSite3,truck,23,0.0
CaptureSite1,CaptureSite3,truck,24,0.0
CaptureSite1,CaptureSite3,truck,25,0.0
CaptureSite1,CaptureSite3,rail,0,0.0
CaptureSite1,CaptureSite3,rail,1,0.0
CaptureSite1,CaptureSite3,rail,2,0.0
CaptureSite1,CaptureSite3,rail,3,0.0
CaptureSite1,CaptureSite3,rail,4,0.0
CaptureSite1,CaptureSite3,rail,5,0.0
CaptureSite1,CaptureSite3,rail,6,0.0
CaptureSite1,CaptureSite3,rail,7,0.0
CaptureSite1,CaptureSite3,rail,8,0.0
CaptureSite1,CaptureSite3,rail,9,0.0
CaptureSite1,CaptureSite3,rail,10,0.0
CaptureSite1,CaptureSite3,rail,11,0.0
CaptureSite1,CaptureSite3,rail,12,0.0
CaptureSite1,CaptureSite3,rail,13,0.0
CaptureSite1,CaptureSite3,rail,14,0.0
CaptureSite1,CaptureSite3,rail,15,0.0
CaptureSite1,CaptureSite3,rail,16,0.0
CaptureSite1,CaptureSite3,rail,17,0.0
CaptureSite1,CaptureSite3,rail,18,0.0
CaptureSite1,CaptureSite3,rail,19,0.0
CaptureSite1,CaptureSite3,rail,20,0.0
CaptureSite1,CaptureSite3,rail,21,0.0
CaptureSite1,CaptureSite3,rail,22,0.0
CaptureSite1,CaptureSite3,rail,23,0.0
CaptureSite1,CaptureSite3,rail,24,0.0
CaptureSite1,CaptureSite3,rail,25,0.0
CaptureSite1,CaptureSite3,pipeline,0,0.0
CaptureSite1,CaptureSite3,pipeline,1,0.0
CaptureSite1,CaptureSite3,pipeline,2,0.0
CaptureSite1,CaptureSite3,pipeline,3,0.0
CaptureSite1,CaptureSite3,pipeline,4,0.0
CaptureSite1,CaptureSite3,pipeline,5,0.0
CaptureSite1,CaptureSite3,pipeline,6,0.0
CaptureSite1,CaptureSite3,pipeline,7,0.0
CaptureSite1,CaptureSite3,pipeline,8,0.0
CaptureSite1,CaptureSite3,pipeline,9,0.0
CaptureSite1,CaptureSite3,pipeline,10,0.0
CaptureSite1,CaptureSite3,pipeline,11,0.0
CaptureSite1,CaptureSite3,pipeline,12,0.0
CaptureSite1,CaptureSite3,pipeline,13,0.0
CaptureSite1,CaptureSite3,pipeline,14,0.0
CaptureSite1,CaptureSite3,pipeline,15,0.0
CaptureSite1,CaptureSite3,pipeline,16,0.0
CaptureSite1,CaptureSite3,pipeline,17,0.0
CaptureSite1,CaptureSite3,pipeline,18,0.0
CaptureSite1,CaptureSite3,pipeline,19,0.0
CaptureSite1,CaptureSite3,pipeline,20,0.0
CaptureSite1,CaptureSite3,pipeline,21,0.0
CaptureSite1,CaptureSite3,pipeline,22,0.0
CaptureSite1,CaptureSite3,pipeline,23,0.0
CaptureSite1,CaptureSite3,pipeline,24,0.0
CaptureSite1,CaptureSite3,pipeline,25,0.0
CaptureSite3,CaptureSite1,truck,0,0.0
CaptureSite3,CaptureSite1,truck,1,0.0
CaptureSite3,CaptureSite1,truck,2,0.0
CaptureSite3,CaptureSite1,truck,3,0.0
CaptureSite3,CaptureSite1,truck,4,0.0
CaptureSite3,CaptureSite1,truck,5,0.0
CaptureSite3,CaptureSite1,truck,6,0.0
CaptureSite3,CaptureSite1,truck,7,0.0
CaptureSite3,CaptureSite1,truck,8,0.0
CaptureSite3,CaptureSite1,truck,9,0.0
CaptureSite3,CaptureSite1,truck,10,0.0
CaptureSite3,CaptureSite1,truck,11,0.0
CaptureSite3,CaptureSite1,truck,12,0.0
CaptureSite3,CaptureSite1,truck,13,0.0
CaptureSite3,CaptureSite1,truck,14,0.0
CaptureSite3,CaptureSite1,truck,15,0.0
CaptureSite3,CaptureSite1,truck,16,0.0
CaptureSite3,CaptureSite1,truck,17,0.0
CaptureSite3,CaptureSite1,truck,18,0.0
CaptureSite3,CaptureSite1,truck,19,0.0
CaptureSite3,CaptureSite1,truck,20,0.0
CaptureSite3,CaptureSite1,truck,21,0.0
CaptureSite3,CaptureSite1,truck,22,0.0
CaptureSite3,CaptureSite1,truck,23,0.0
CaptureSite3,CaptureSite1,truck,24,0.0
CaptureSite3,CaptureSite1,truck,25,0.0
CaptureSite3,CaptureSite1,rail,0,0.0
CaptureSite3,CaptureSite1,rail,1,0.0
CaptureSite3,CaptureSite1,rail,2,0.0
CaptureSite3,CaptureSite1,rail,3,0.0
CaptureSite3,CaptureSite1,rail,4,0.0
CaptureSite3,CaptureSite1,rail,5,0.0
CaptureSite3,CaptureSite1,rail,6,0.0
CaptureSite3,CaptureSite1,rail,7,0.0
CaptureSite3,CaptureSite1,rail,8,0.0
CaptureSite3,CaptureSite1,rail,9,0.0
CaptureSite3,CaptureSite1,rail,10,0.0
CaptureSite3,CaptureSite1,rail,11,0.0
CaptureSite3,CaptureSite1,rail,12,0.0
CaptureSite3,CaptureSite1,rail,13,0.0
CaptureSite3,CaptureSite1,rail,14,0.0
CaptureSite3,CaptureSite1,rail,15,0.0
CaptureSite3,CaptureSite1,rail,16,0.0
CaptureSite3,CaptureSite1,rail,17,0.0
CaptureSite3,CaptureSite1,rail,18,0.0
CaptureSite3,CaptureSite1,rail,19,0.0
CaptureSite3,CaptureSite1,rail,20,0.0
CaptureSite3,CaptureSite1,rail,21,0.0
CaptureSite3,CaptureSite1,rail,22,0.0
CaptureSite3,CaptureSite1,rail,23,0.0
CaptureSite3,CaptureSite1,rail,24,0.0
CaptureSite3,CaptureSite1,rail,25,0.0
CaptureSite3,CaptureSite1,pipeline,0,0.0
CaptureSite3,CaptureSite1,pipeline,1,0.0
CaptureSite3,CaptureSite1,pipeline,2,0.0
CaptureSite3,CaptureSite1,pipeline,3,0.0
CaptureSite3,CaptureSite1,pipeline,4,0.0
CaptureSite3,CaptureSite1,pipeline,5,0.0
CaptureSite3,CaptureSite1,pipeline,6,0.0
CaptureSite3,CaptureSite1,pipeline,7,0.0
CaptureSite3,CaptureSite1,pipeline,8,0.0
CaptureSite3,CaptureSite1,pipeline,9,0.0
CaptureSite3,CaptureSite1,pipeline,10,0.0
CaptureSite3,CaptureSite1,pipeline,11,0.0
CaptureSite3,CaptureSite1,pipeline,12,0.0
CaptureSite3,CaptureSite1,pipeline,13,0.0
CaptureSite3,CaptureSite1,pipeline,14,0.0
CaptureSite3,CaptureSite1,pipeline,15,0.0
CaptureSite3,CaptureSite1,pipeline,16,0.0
CaptureSite3,CaptureSite1,pipeline,17,0.0
CaptureSite3,CaptureSite1,pipeline,18,0.0
CaptureSite3,CaptureSite1,pipeline,19,0.0
CaptureSite3,CaptureSite1,pipeline,20,0.0
CaptureSite3,CaptureSite1,pipeline,21,0.0
CaptureSite3,CaptureSite1,pipeline,22,0.0
CaptureSite3,CaptureSite1,pipeline,23,0.0
CaptureSite3,CaptureSite1,pipeline,24,0.0
CaptureSite3,CaptureSite1,pipeline,25,0.0
CaptureSite3,CaptureSite4,truck,0,0.0
CaptureSite3,CaptureSite4,truck,1,0.0
CaptureSite3,CaptureSite4,truck,2,0.0
CaptureSite3,CaptureSite4,truck,3,0.0
CaptureSite3,CaptureSite4,truck,4,0.0
CaptureSite3,CaptureSite4,truck,5,0.0
CaptureSite3,CaptureSite4,truck,6,0.0
CaptureSite3,CaptureSite4,truck,7,0.0
CaptureSite3,CaptureSite4,truck,8,0.0
CaptureSite3,CaptureSite4,truck,9,0.0
CaptureSite3,CaptureSite4,truck,10,0.0
CaptureSite3,CaptureSite4,truck,11,0.0
CaptureSite3,CaptureSite4,truck,12,0.0
CaptureSite3,CaptureSite4,truck,13,0.0
CaptureSite3,CaptureSite4,truck,14,0.0
CaptureSite3,CaptureSite4,truck,15,0.0
CaptureSite3,CaptureSite4,truck,16,0.0
CaptureSite3,CaptureSite4,truck,17,0.0
CaptureSite3,CaptureSite4,truck,18,0.0
CaptureSite3,CaptureSite4,truck,19,0.0
CaptureSite3,CaptureSite4,truck,20,0.0
CaptureSite3,CaptureSite4,truck,21,0.0
CaptureSite3,CaptureSite4,truck,22,0.0
CaptureSite3,CaptureSite4,truck,23,0.0
CaptureSite3,CaptureSite4,truck,24,0.0
CaptureSite3,CaptureSite4,truck,25,0.0
CaptureSite3,CaptureSite4,rail,0,0.0
CaptureSite3,CaptureSite4,rail,1,0.0
CaptureSite3,CaptureSite4,rail,2,0.0
CaptureSite3,CaptureSite4,rail,3,0.0
CaptureSite3,CaptureSite4,rail,4,0.0
CaptureSite3,CaptureSite4,rail,5,0.0
CaptureSite3,CaptureSite4,rail,6,0.0
CaptureSite3,CaptureSite4,rail,7,0.0
CaptureSite3,CaptureSite4,rail,8,0.0
CaptureSite3,CaptureSite4,rail,9,0.0
CaptureSite3,CaptureSite4,rail,10,0.0
CaptureSite3,CaptureSite4,rail,11,0.0
CaptureSite3,CaptureSite4,rail,12,0.0
CaptureSite3,CaptureSite4,rail,13,0.0
CaptureSite3,CaptureSite4,rail,14,0.0
CaptureSite3,CaptureSite4,rail,15,0.0
CaptureSite3,CaptureSite4,rail,16,0.0
CaptureSite3,CaptureSite4,rail,17,0.0
CaptureSite3,CaptureSite4,rail,18,0.0
CaptureSite3,CaptureSite4,rail,19,0.0
CaptureSite3,CaptureSite4,rail,20,0.0
CaptureSite3,CaptureSite4,rail,21,0.0
CaptureSite3,CaptureSite4,rail,22,0.0
CaptureSite3,CaptureSite4,rail,23,0.0
CaptureSite3,CaptureSite4,rail,24,0.0
CaptureSite3,CaptureSite4,rail,25,0.0
CaptureSite3,CaptureSite4,pipeline,0,0.0
CaptureSite3,CaptureSite4,pipeline,1,0.0
CaptureSite3,CaptureSite4,pipeline,2,0.0
CaptureSite3,CaptureSite4,pipeline,3,0.0
CaptureSite3,CaptureSite4,pipeline,4,0.0
CaptureSite3,CaptureSite4,pipeline,5,0.0
CaptureSite3,CaptureSite4,pipeline,6,0.0
CaptureSite3,CaptureSite4,pipeline,7,0.0
CaptureSite3,CaptureSite4,pipeline,8,0.0
CaptureSite3,CaptureSite4,pipeline,9,0.0
CaptureSite3,CaptureSite4,pipeline,10,0.0
CaptureSite3,CaptureSite4,pipeline,11,0.0
CaptureSite3,CaptureSite4,pipeline,12,0.0
CaptureSite3,CaptureSite4,pipeline,13,0.0
CaptureSite3,CaptureSite4,pipeline,14,0.0
CaptureSite3,CaptureSite4,pipeline,15,0.0
CaptureSite3,CaptureSite4,pipeline,16,0.0
CaptureSite3,CaptureSite4,pipeline,17,0.0
CaptureSite3,CaptureSite4,pipeline,18,0.0
CaptureSite3,CaptureSite4,pipeline,19,0.0
CaptureSite3,CaptureSite4,pipeline,20,0.0
CaptureSite3,CaptureSite4,pipeline,21,0.0
CaptureSite3,CaptureSite4,pipeline,22,0.0
CaptureSite3,CaptureSite4,pipeline,23,0.0
CaptureSite3,CaptureSite4,pipeline,24,0.0
CaptureSite3,CaptureSite4,pipeline,25,0.0
CaptureSite4,CaptureSite3,truck,0,5.684341886080802e-14
CaptureSite4,CaptureSite3,truck,1,0.0
CaptureSite4,CaptureSite3,truck,2,0.0
CaptureSite4,CaptureSite3,truck,3,0.0
CaptureSite4,CaptureSite3,truck,4,0.0
CaptureSite4,CaptureSite3,truck,5,0.0
CaptureSite4,CaptureSite3,truck,6,0.0
CaptureSite4,CaptureSite3,truck,7,0.0
CaptureSite4,CaptureSite3,truck,8,0.0
CaptureSite4,CaptureSite3,truck,9,0.0
CaptureSite4,CaptureSite3,truck,10,0.0
CaptureSite4,CaptureSite3,truck,11,0.0
CaptureSite4,CaptureSite3,truck,12,0.0
CaptureSite4,CaptureSite3,truck,13,0.0
CaptureSite4,CaptureSite3,truck,14,0.0
CaptureSite4,CaptureSite3,truck,15,0.0
CaptureSite4,CaptureSite3,truck,16,0.0
CaptureSite4,CaptureSite3,truck,17,0.0
CaptureSite4,CaptureSite3,truck,18,0.0
CaptureSite4,CaptureSite3,truck,19,0.0
CaptureSite4,CaptureSite3,truck,20,0.0
CaptureSite4,CaptureSite3,truck,21,0.0
CaptureSite4,CaptureSite3,truck,22,0.0
CaptureSite4,CaptureSite3,truck,23,0.0
CaptureSite4,CaptureSite3,truck,24,0.0
CaptureSite4,CaptureSite3,truck,25,0.0
CaptureSite4,CaptureSite3,rail,0,0.0
CaptureSite4,CaptureSite3,rail,1,0.0
CaptureSite4,CaptureSite3,rail,2,0.0
CaptureSite4,CaptureSite3,rail,3,0.0
CaptureSite4,CaptureSite3,rail,4,0.0
CaptureSite4,CaptureSite3,rail,5,0.0
CaptureSite4,CaptureSite3,rail,6,0.0
CaptureSite4,CaptureSite3,rail,7,0.0
CaptureSite4,CaptureSite3,rail,8,0.0
CaptureSite4,CaptureSite3,rail,9,0.0
CaptureSite4,CaptureSite3,rail,10,0.0
CaptureSite4,CaptureSite3,rail,11,0.0
CaptureSite4,CaptureSite3,rail,12,0.0
CaptureSite4,CaptureSite3,rail,13,0.0
CaptureSite4,CaptureSite3,rail,14,0.0
CaptureSite4,CaptureSite3,rail,15,0.0
CaptureSite4,CaptureSite3,rail,16,0.0
CaptureSite4,CaptureSite3,rail,17,0.0
CaptureSite4,CaptureSite3,rail,18,0.0
CaptureSite4,CaptureSite3,rail,19,0.0
CaptureSite4,CaptureSite3,rail,20,0.0
CaptureSite4,CaptureSite3,rail,21,0.0
CaptureSite4,CaptureSite3,rail,22,0.0
CaptureSite4,CaptureSite3,rail,23,0.0
CaptureSite4,CaptureSite3,rail,24,0.0
CaptureSite4,CaptureSite3,rail,25,0.0
CaptureSite4,CaptureSite3,pipeline,0,0.0
CaptureSite4,CaptureSite3,pipeline,1,0.0
CaptureSite4,CaptureSite3,pipeline,2,0.0
CaptureSite4,CaptureSite3,pipeline,3,0.0
CaptureSite4,CaptureSite3,pipeline,4,0.0
CaptureSite4,CaptureSite3,pipeline,5,0.0
CaptureSite4,CaptureSite3,pipeline,6,0.0
CaptureSite4,CaptureSite3,pipeline,7,0.0
CaptureSite4,CaptureSite3,pipeline,8,0.0
CaptureSite4,CaptureSite3,pipeline,9,0.0
CaptureSite4,CaptureSite3,pipeline,10,0.0
CaptureSite4,CaptureSite3,pipeline,11,0.0
CaptureSite4,CaptureSite3,pipeline,12,0.0
CaptureSite4,CaptureSite3,pipeline,13,0.0
CaptureSite4,CaptureSite3,pipeline,14,0.0
CaptureSite4,CaptureSite3,pipeline,15,0.0
CaptureSite4,CaptureSite3,pipeline,16,0.0
CaptureSite4,CaptureSite3,pipeline,17,0.0
CaptureSite4,CaptureSite3,pipeline,18,0.0
CaptureSite4,CaptureSite3,pipeline,19,0.0
CaptureSite4,CaptureSite3,pipeline,20,0.0
CaptureSite4,CaptureSite3,pipeline,21,0.0
CaptureSite4,CaptureSite3,pipeline,22,0.0
CaptureSite4,CaptureSite3,pipeline,23,0.0
CaptureSite4,CaptureSite3,pipeline,24,0.0
CaptureSite4,CaptureSite3,pipeline,25,0.0
StorageSite1,CaptureSite1,truck,0,0.0
StorageSite1,CaptureSite1,truck,1,0.0
StorageSite1,CaptureSite1,truck,2,0.0
StorageSite1,CaptureSite1,truck,3,0.0
StorageSite1,CaptureSite1,truck,4,0.0
StorageSite1,CaptureSite1,truck,5,0.0
StorageSite1,CaptureSite1,truck,6,0.0
StorageSite1,CaptureSite1,truck,7,0.0
StorageSite1,CaptureSite1,truck,8,0.0
StorageSite1,CaptureSite1,truck,9,0.0
StorageSite1,CaptureSite1,truck,10,0.0
StorageSite1,CaptureSite1,truck,11,0.0
StorageSite1,CaptureSite1,truck,12,0.0
StorageSite1,CaptureSite1,truck,13,0.0
StorageSite1,CaptureSite1,truck,14,0.0
StorageSite1,CaptureSite1,truck,15,0.0
StorageSite1,CaptureSite1,truck,16,0.0
StorageSite1,CaptureSite1,truck,17,0.0
StorageSite1,CaptureSite1,truck,18,0.0
StorageSite1,CaptureSite1,truck,19,0.0
StorageSite1,CaptureSite1,truck,20,0.0
StorageSite1,CaptureSite1,truck,21,0.0
StorageSite1,CaptureSite1,truck,22,0.0
StorageSite1,CaptureSite1,truck,23,0.0
StorageSite1,CaptureSite1,truck,24,-5.526405783752431e-12
StorageSite1,CaptureSite1,truck,25,0.0
StorageSite1,CaptureSite1,rail,0,0.0
StorageSite1,CaptureSite1,rail,1,0.0
StorageSite1,CaptureSite1,rail,2,0.0
StorageSite1,CaptureSite1,rail,3,0.0
StorageSite1,CaptureSite1,rail,4,0.0
StorageSite1,CaptureSite1,rail,5,0.0
StorageSite1,CaptureSite1,rail,6,0.0
StorageSite1,CaptureSite1,rail,7,0.0
StorageSite1,CaptureSite1,rail,8,0.0
StorageSite1,CaptureSite1,rail,9,0.0
StorageSite1,CaptureSite1,rail,10,0.0
StorageSite1,CaptureSite1,rail,11,0.0
StorageSite1,CaptureSite1,rail,12,0.0
StorageSite1,CaptureSite1,rail,13,0.0
StorageSite1,CaptureSite1,rail,14,0.0
StorageSite1,CaptureSite1,rail,15,0.0
StorageSite1,CaptureSite1,rail,16,0.0
StorageSite1,CaptureSite1,rail,17,0.0
StorageSite1,CaptureSite1,rail,18,0.0
StorageSite1,CaptureSite1,rail,19,0.0
StorageSite1,CaptureSite1,rail,20,0.0
StorageSite1,CaptureSite1,rail,21,0.0
StorageSite1,CaptureSite1,rail,22,0.0
StorageSite1,CaptureSite1,rail,23,0.0
StorageSite1,CaptureSite1,rail,24,0.0
StorageSite1,CaptureSite1,rail,25,0.0
StorageSite1,CaptureSite1,pipeline,0,19.99999999999798
StorageSite1,CaptureSite1,pipeline,1,20.0
StorageSite1,CaptureSite1,pipeline,2,19.999999999998067
StorageSite1,CaptureSite1,pipeline,3,20.0
StorageSite1,CaptureSite1,pipeline,4,20.0
StorageSite1,CaptureSite1,pipeline,5,20.000000000003645
StorageSite1,CaptureSite1,pipeline,6,20.0
StorageSite1,CaptureSite1,pipeline,7,20.0
StorageSite1,CaptureSite1,pipeline,8,20.0
StorageSite1,CaptureSite1,pipeline,9,20.0
StorageSite1,CaptureSite1,pipeline,10,20.0
StorageSite1,CaptureSite1,pipeline,11,20.000000000002036
StorageSite1,CaptureSite1,pipeline,12,20.0
StorageSite1,CaptureSite1,pipeline,13,20.0
StorageSite1,CaptureSite1,pipeline,14,20.0
StorageSite1,CaptureSite1,pipeline,15,20.0
StorageSite1,CaptureSite1,pipeline,16,19.999999999998295
StorageSite1,CaptureSite1,pipeline,17,19.999999999998252
StorageSite1,CaptureSite1,pipeline,18,20.0
StorageSite1,CaptureSite1,pipeline,19,20.0
StorageSite1,CaptureSite1,pipeline,20,20.0
StorageSite1,CaptureSite1,pipeline,21,20.0
StorageSite1,CaptureSite1,pipeline,22,20.0
StorageSite1,CaptureSite1,pipeline,23,20.0
StorageSite1,CaptureSite1,pipeline,24,20.000000000005528
StorageSite1,CaptureSite1,pipeline,25,20.0
StorageSite1,CaptureSite2,truck,0,3.467448550509289e-12
StorageSite1,CaptureSite2,truck,1,0.0
StorageSite1,CaptureSite2,truck,2,0.0
StorageSite1,CaptureSite2,truck,3,0.0
StorageSite1,CaptureSite2,truck,4,0.0
StorageSite1,CaptureSite2,truck,5,0.0
StorageSite1,CaptureSite2,truck,6,0.0
StorageSite1,CaptureSite2,truck,7,0.0
StorageSite1,CaptureSite2,truck,8,0.0
StorageSite1,CaptureSite2,truck,9,0.0
StorageSite1,CaptureSite2,truck,10,0.0
StorageSite1,CaptureSite2,truck,11,0.0
StorageSite1,CaptureSite2,truck,12,0.0
StorageSite1,CaptureSite2,truck,13,0.0
StorageSite1,CaptureSite2,truck,14,0.0
StorageSite1,CaptureSite2,truck,15,0.0
StorageSite1,CaptureSite2,truck,16,0.0
StorageSite1,CaptureSite2,truck,17,-8.101490890354844e-13
StorageSite1,CaptureSite2,truck,18,0.0
StorageSite1,CaptureSite2,truck,19,0.0
StorageSite1,CaptureSite2,truck,20,0.0
StorageSite1,CaptureSite2,truck,21,0.0
StorageSite1,CaptureSite2,truck,22,0.0
StorageSite1,CaptureSite2,truck,23,0.0
StorageSite1,CaptureSite2,truck,24,0.0
StorageSite1,CaptureSite2,truck,25,0.0
StorageSite1,CaptureSite2,rail,0,0.0
StorageSite1,CaptureSite2,rail,1,0.0
StorageSite1,CaptureSite2,rail,2,0.0
StorageSite1,CaptureSite2,rail,3,0.0
StorageSite1,CaptureSite2,rail,4,0.0
StorageSite1,CaptureSite2,rail,5,0.0
StorageSite1,CaptureSite2,rail,6,0.0
StorageSite1,CaptureSite2,rail,7,0.0
StorageSite1,CaptureSite2,rail,8,0.0
StorageSite1,CaptureSite2,rail,9,0.0
StorageSite1,CaptureSite2,rail,10,0.0
StorageSite1,CaptureSite2,rail,11,0.0
StorageSite1,CaptureSite2,rail,12,0.0
StorageSite1,CaptureSite2,rail,13,0.0
StorageSite1,CaptureSite2,rail,14,0.0
StorageSite1,CaptureSite2,rail,15,0.0
StorageSite1,CaptureSite2,rail,16,0.0
StorageSite1,CaptureSite2,rail,17,0.0
StorageSite1,CaptureSite2,rail,18,0.0
StorageSite1,CaptureSite2,rail,19,0.0
StorageSite1,CaptureSite2,rail,20,0.0
StorageSite1,CaptureSite2,rail,21,0.0
StorageSite1,CaptureSite2,rail,22,0.0
StorageSite1,CaptureSite2,rail,23,0.0
StorageSite1,CaptureSite2,rail,24,0.0
StorageSite1,CaptureSite2,rail,25,0.0
StorageSite1,CaptureSite2,pipeline,0,250.00000000000193
StorageSite1,CaptureSite2,pipeline,1,137.59999999999872
StorageSite1,CaptureSite2,pipeline,2,115.19999999999911
StorageSite1,CaptureSite2,pipeline,3,92.79999999999404
StorageSite1,CaptureSite2,pipeline,4,70.40000000000003
StorageSite1,CaptureSite2,pipeline,5,250.00000000000193
StorageSite1,CaptureSite2,pipeline,6,250.00000000000193
StorageSite1,CaptureSite2,pipeline,7,250.00000000000193
StorageSite1,CaptureSite2,pipeline,8,25.0
StorageSite1,CaptureSite2,pipeline,9,25.0
StorageSite1,CaptureSite2,pipeline,10,25.0
StorageSite1,CaptureSite2,pipeline,11,25.0
StorageSite1,CaptureSite2,pipeline,12,24.999999999999165
StorageSite1,CaptureSite2,pipeline,13,24.999999999998067
StorageSite1,CaptureSite2,pipeline,14,46.6380952380953
StorageSite1,CaptureSite2,pipeline,15,25.0
StorageSite1,CaptureSite2,pipeline,16,250.00000000000193
StorageSite1,CaptureSite2,pipeline,17,25.00000000000081
StorageSite1,CaptureSite2,pipeline,18,25.0
StorageSite1,CaptureSite2,pipeline,19,184.63809523809533
StorageSite1,CaptureSite2,pipeline,20,25.0
StorageSite1,CaptureSite2,pipeline,21,25.0
StorageSite1,CaptureSite2,pipeline,22,25.0
StorageSite1,CaptureSite2,pipeline,23,25.0
StorageSite1,CaptureSite2,pipeline,24,25.0
StorageSite1,CaptureSite2,pipeline,25,25.0
StorageSite1,CaptureSite3,truck,0,0.0
StorageSite1,CaptureSite3,truck,1,0.0
StorageSite1,CaptureSite3,truck,2,0.0
StorageSite1,CaptureSite3,truck,3,0.0
StorageSite1,CaptureSite3,truck,4,0.0
StorageSite1,CaptureSite3,truck,5,0.0
StorageSite1,CaptureSite3,truck,6,0.0
StorageSite1,CaptureSite3,truck,7,0.0
StorageSite1,CaptureSite3,truck,8,0.0
StorageSite1,CaptureSite3,truck,9,0.0
StorageSite1,CaptureSite3,truck,10,0.0
StorageSite1,CaptureSite3,truck,11,0.0
StorageSite1,CaptureSite3,truck,12,0.0
StorageSite1,CaptureSite3,truck,13,0.0
StorageSite1,CaptureSite3,truck,14,0.0
StorageSite1,CaptureSite3,truck,15,0.0
StorageSite1,CaptureSite3,truck,16,0.0
StorageSite1,CaptureSite3,truck,17,0.0
StorageSite1,CaptureSite3,truck,18,0.0
StorageSite1,CaptureSite3,truck,19,0.0
StorageSite1,CaptureSite3,truck,20,0.0
StorageSite1,CaptureSite3,truck,21,0.0
StorageSite1,CaptureSite3,truck,22,0.0
StorageSite1,CaptureSite3,truck,23,0.0
StorageSite1,CaptureSite3,truck,24,0.0
StorageSite1,CaptureSite3,truck,25,0.0
StorageSite1,CaptureSite3,rail,0,0.0
StorageSite1,CaptureSite3,rail,1,0.0
StorageSite1,CaptureSite3,rail,2,0.0
StorageSite1,CaptureSite3,rail,3,0.0
StorageSite1,CaptureSite3,rail,4,0.0
StorageSite1,CaptureSite3,rail,5,0.0
StorageSite1,CaptureSite3,rail,6,0.0
StorageSite1,CaptureSite3,rail,7,0.0
StorageSite1,CaptureSite3,rail,8,0.0
StorageSite1,CaptureSite3,rail,9,0.0
StorageSite1,CaptureSite3,rail,10,0.0
StorageSite1,CaptureSite3,rail,11,0.0
StorageSite1,CaptureSite3,rail,12,0.0
StorageSite1,CaptureSite3,rail,13,0.0
StorageSite1,CaptureSite3,rail,14,0.0
StorageSite1,CaptureSite3,rail,15,0.0
StorageSite1,CaptureSite3,rail,16,0.0
StorageSite1,CaptureSite3,rail,17,0.0
StorageSite1,CaptureSite3,rail,18,0.0
StorageSite1,CaptureSite3,rail,19,0.0
StorageSite1,CaptureSite3,rail,20,0.0
StorageSite1,CaptureSite3,rail,21,0.0
StorageSite1,CaptureSite3,rail,22,0.0
StorageSite1,CaptureSite3,rail,23,0.0
StorageSite1,CaptureSite3,rail,24,0.0
StorageSite1,CaptureSite3,rail,25,0.0
StorageSite1,CaptureSite3,pipeline,0,160.0
StorageSite1,CaptureSite3,pipeline,1,250.0
StorageSite1,CaptureSite3,pipeline,2,250.0
StorageSite1,CaptureSite3,pipeline,3,250.00000000000193
StorageSite1,CaptureSite3,pipeline,4,250.00000000000193
StorageSite1,CaptureSite3,pipeline,5,47.999999999996135
StorageSite1,CaptureSite3,pipeline,6,25.59999999999809
StorageSite1,CaptureSite3,pipeline,7,3.199999999998113
StorageSite1,CaptureSite3,pipeline,8,205.79999999999995
StorageSite1,CaptureSite3,pipeline,9,183.4000000000001
StorageSite1,CaptureSite3,pipeline,10,161.0
StorageSite1,CaptureSite3,pipeline,11,138.60000000000008
StorageSite1,CaptureSite3,pipeline,12,116.19999999999983
StorageSite1,CaptureSite3,pipeline,13,93.80000000000001
StorageSite1,CaptureSite3,pipeline,14,250.00000000000193
StorageSite1,CaptureSite3,pipeline,15,249.23809523809533
StorageSite1,CaptureSite3,pipeline,16,1.8380952380953488
StorageSite1,CaptureSite3,pipeline,17,204.43809523809531
StorageSite1,CaptureSite3,pipeline,18,182.03809523809537
StorageSite1,CaptureSite3,pipeline,19,0.0
StorageSite1,CaptureSite3,pipeline,20,137.23809523809533
StorageSite1,CaptureSite3,pipeline,21,114.83809523809356
StorageSite1,CaptureSite3,pipeline,22,92.43809523809534
StorageSite1,CaptureSite3,pipeline,23,70.03809523809531
StorageSite1,CaptureSite3,pipeline,24,47.63809523809535
StorageSite1,CaptureSite3,pipeline,25,40.0
StorageSite1,CaptureSite4,truck,0,0.0
StorageSite1,CaptureSite4,truck,1,0.0
StorageSite1,CaptureSite4,truck,2,0.0
StorageSite1,CaptureSite4,truck,3,0.0
StorageSite1,CaptureSite4,truck,4,0.0
StorageSite1,CaptureSite4,truck,5,0.0
StorageSite1,CaptureSite4,truck,6,0.0
StorageSite1,CaptureSite4,truck,7,0.0
StorageSite1,CaptureSite4,truck,8,0.0
StorageSite1,CaptureSite4,truck,9,0.0
StorageSite1,CaptureSite4,truck,10,0.0
StorageSite1,CaptureSite4,truck,11,-4.612910387354779e-13
StorageSite1,CaptureSite4,truck,12,0.0
StorageSite1,CaptureSite4,truck,13,0.0
StorageSite1,CaptureSite4,truck,14,-1.8042168093220673e-12
StorageSite1,CaptureSite4,truck,15,0.0
StorageSite1,CaptureSite4,truck,16,0.0
StorageSite1,CaptureSite4,truck,17,0.0
StorageSite1,CaptureSite4,truck,18,0.0
StorageSite1,CaptureSite4,truck,19,0.0
StorageSite1,CaptureSite4,truck,20,0.0
StorageSite1,CaptureSite4,truck,21,0.0
StorageSite1,CaptureSite4,truck,22,0.0
StorageSite1,CaptureSite4,truck,23,0.0
StorageSite1,CaptureSite4,truck,24,0.0
StorageSite1,CaptureSite4,truck,25,0.0
StorageSite1,CaptureSite4,rail,0,0.0
StorageSite1,CaptureSite4,rail,1,0.0
StorageSite1,CaptureSite4,rail,2,0.0
StorageSite1,CaptureSite4,rail,3,0.0
StorageSite1,CaptureSite4,rail,4,0.0
StorageSite1,CaptureSite4,rail,5,0.0
StorageSite1,CaptureSite4,rail,6,0.0
StorageSite1,CaptureSite4,rail,7,0.0
StorageSite1,CaptureSite4,rail,8,0.0
StorageSite1,CaptureSite4,rail,9,0.0
StorageSite1,CaptureSite4,rail,10,0.0
StorageSite1,CaptureSite4,rail,11,0.0
StorageSite1,CaptureSite4,rail,12,0.0
StorageSite1,CaptureSite4,rail,13,0.0
StorageSite1,CaptureSite4,rail,14,0.0
StorageSite1,CaptureSite4,rail,15,0.0
StorageSite1,CaptureSite4,rail,16,0.0
StorageSite1,CaptureSite4,rail,17,0.0
StorageSite1,CaptureSite4,rail,18,0.0
StorageSite1,CaptureSite4,rail,19,0.0
StorageSite1,CaptureSite4,rail,20,0.0
StorageSite1,CaptureSite4,rail,21,0.0
StorageSite1,CaptureSite4,rail,22,0.0
StorageSite1,CaptureSite4,rail,23,0.0
StorageSite1,CaptureSite4,rail,24,0.0
StorageSite1,CaptureSite4,rail,25,0.0
StorageSite1,CaptureSite4,pipeline,0,20.00000000000007
StorageSite1,CaptureSite4,pipeline,1,20.0
StorageSite1,CaptureSite4,pipeline,2,19.99999999999335
StorageSite1,CaptureSite4,pipeline,3,20.0
StorageSite1,CaptureSite4,pipeline,4,20.000000000000803
StorageSite1,CaptureSite4,pipeline,5,20.0
StorageSite1,CaptureSite4,pipeline,6,20.0
StorageSite1,CaptureSite4,pipeline,7,20.000000000002053
StorageSite1,CaptureSite4,pipeline,8,20.0
StorageSite1,CaptureSite4,pipeline,9,20.0
StorageSite1,CaptureSite4,pipeline,10,20.0
StorageSite1,CaptureSite4,pipeline,11,20.000000000000462
StorageSite1,CaptureSite4,pipeline,12,20.0
StorageSite1,CaptureSite4,pipeline,13,20.0
StorageSite1,CaptureSite4,pipeline,14,20.000000000001805
StorageSite1,CaptureSite4,pipeline,15,20.0
StorageSite1,CaptureSite4,pipeline,16,20.0
StorageSite1,CaptureSite4,pipeline,17,20.00000000000376
StorageSite1,CaptureSite4,pipeline,18,20.0
StorageSite1,CaptureSite4,pipeline,19,20.0
StorageSite1,CaptureSite4,pipeline,20,20.0
StorageSite1,CaptureSite4,pipeline,21,20.0
StorageSite1,CaptureSite4,pipeline,22,20.0
StorageSite1,CaptureSite4,pipeline,23,20.0
StorageSite1,CaptureSite4,pipeline,24,20.0
StorageSite1,CaptureSite4,pipeline,25,20.0
StorageSite1,CaptureSite5,truck,0,0.0
StorageSite1,CaptureSite5,truck,1,0.0
StorageSite1,CaptureSite5,truck,2,0.0
StorageSite1,CaptureSite5,truck,3,0.0
StorageSite1,CaptureSite5,truck,4,0.0
StorageSite1,CaptureSite5,truck,5,0.0
StorageSite1,CaptureSite5,truck,6,0.0
StorageSite1,CaptureSite5,truck,7,0.0
StorageSite1,CaptureSite5,truck,8,0.0
StorageSite1,CaptureSite5,truck,9,0.0
StorageSite1,CaptureSite5,truck,10,0.0
StorageSite1,CaptureSite5,truck,11,0.0
StorageSite1,CaptureSite5,truck,12,0.0
StorageSite1,CaptureSite5,truck,13,0.0
StorageSite1,CaptureSite5,truck,14,0.0
StorageSite1,CaptureSite5,truck,15,0.0
StorageSite1,CaptureSite5,truck,16,0.0
StorageSite1,CaptureSite5,truck,17,0.0
StorageSite1,CaptureSite5,truck,18,0.0
StorageSite1,CaptureSite5,truck,19,0.0
StorageSite1,CaptureSite5,truck,20,0.0
StorageSite1,CaptureSite5,truck,21,0.0
StorageSite1,CaptureSite5,truck,22,0.0
StorageSite1,CaptureSite5,truck,23,0.0
StorageSite1,CaptureSite5,truck,24,0.0
StorageSite1,CaptureSite5,truck,25,0.0
StorageSite1,CaptureSite5,rail,0,0.0
StorageSite1,CaptureSite5,rail,1,0.0
StorageSite1,CaptureSite5,rail,2,0.0
StorageSite1,CaptureSite5,rail,3,0.0
StorageSite1,CaptureSite5,rail,4,0.0
StorageSite1,CaptureSite5,rail,5,0.0
StorageSite1,CaptureSite5,rail,6,0.0
StorageSite1,CaptureSite5,rail,7,0.0
StorageSite1,CaptureSite5,rail,8,0.0
StorageSite1,CaptureSite5,rail,9,0.0
StorageSite1,CaptureSite5,rail,10,0.0
StorageSite1,CaptureSite5,rail,11,0.0
StorageSite1,CaptureSite5,rail,12,0.0
StorageSite1,CaptureSite5,rail,13,0.0
StorageSite1,CaptureSite5,rail,14,0.0
StorageSite1,CaptureSite5,rail,15,0.0
StorageSite1,CaptureSite5,rail,16,0.0
StorageSite1,CaptureSite5,rail,17,0.0
StorageSite1,CaptureSite5,rail,18,0.0
StorageSite1,CaptureSite5,rail,19,0.0
StorageSite1,CaptureSite5,rail,20,0.0
StorageSite1,CaptureSite5,rail,21,0.0
StorageSite1,CaptureSite5,rail,22,0.0
StorageSite1,CaptureSite5,rail,23,0.0
StorageSite1,CaptureSite5,rail,24,0.0
StorageSite1,CaptureSite5,rail,25,0.0
StorageSite1,CaptureSite5,pipeline,0,250.00000000000193
StorageSite1,CaptureSite5,pipeline,1,250.0
StorageSite1,CaptureSite5,pipeline,2,250.00000000000193
StorageSite1,CaptureSite5,pipeline,3,249.99999999999608
StorageSite1,CaptureSite5,pipeline,4,250.0
StorageSite1,CaptureSite5,pipeline,5,250.00000000000193
StorageSite1,CaptureSite5,pipeline,6,250.00000000000193
StorageSite1,CaptureSite5,pipeline,7,250.00000000000193
StorageSite1,CaptureSite5,pipeline,8,250.0
StorageSite1,CaptureSite5,pipeline,9,250.0
StorageSite1,CaptureSite5,pipeline,10,250.00000000000193
StorageSite1,CaptureSite5,pipeline,11,250.00000000000193
StorageSite1,CaptureSite5,pipeline,12,250.00000000000193
StorageSite1,CaptureSite5,pipeline,13,250.00000000000193
StorageSite1,CaptureSite5,pipeline,14,49.76190476190496
StorageSite1,CaptureSite5,pipeline,15,49.76190476190776
StorageSite1,CaptureSite5,pipeline,16,49.761904761904674
StorageSite1,CaptureSite5,pipeline,17,49.761904761907694
StorageSite1,CaptureSite5,pipeline,18,49.76190476190467
StorageSite1,CaptureSite5,pipeline,19,49.76190476190467
StorageSite1,CaptureSite5,pipeline,20,49.761904761906415
StorageSite1,CaptureSite5,pipeline,21,49.76190476190647
StorageSite1,CaptureSite5,pipeline,22,49.76190476190467
StorageSite1,CaptureSite5,pipeline,23,49.76190476190467
StorageSite1,CaptureSite5,pipeline,24,49.761904761905335
StorageSite1,CaptureSite5,pipeline,25,35.0
CaptureSite1,CaptureSite2,truck,0,0.0
CaptureSite1,CaptureSite2,truck,1,0.0
CaptureSite1,CaptureSite2,truck,2,0.0
CaptureSite1,CaptureSite2,truck,3,0.0
CaptureSite1,CaptureSite2,truck,4,0.0
CaptureSite1,CaptureSite2,truck,5,0.0
CaptureSite1,CaptureSite2,truck,6,0.0
CaptureSite1,CaptureSite2,truck,7,0.0
CaptureSite1,CaptureSite2,truck,8,0.0
CaptureSite1,CaptureSite2,truck,9,0.0
CaptureSite1,CaptureSite2,truck,10,0.0
CaptureSite1,CaptureSite2,truck,11,0.0
CaptureSite1,CaptureSite2,truck,12,0.0
CaptureSite1,CaptureSite2,truck,13,0.0
CaptureSite1,CaptureSite2,truck,14,0.0
CaptureSite1,CaptureSite2,truck,15,0.0
CaptureSite1,CaptureSite2,truck,16,0.0
CaptureSite1,CaptureSite2,truck,17,0.0
CaptureSite1,CaptureSite2,truck,18,0.0
CaptureSite1,CaptureSite2,truck,19,0.0
CaptureSite1,CaptureSite2,truck,20,0.0
CaptureSite1,CaptureSite2,truck,21,0.0
CaptureSite1,CaptureSite2,truck,22,0.0
CaptureSite1,CaptureSite2,truck,23,0.0
CaptureSite1,CaptureSite2,truck,24,0.0
CaptureSite1,CaptureSite2,truck,25,0.0
CaptureSite1,CaptureSite2,rail,0,0.0
CaptureSite1,CaptureSite2,rail,1,0.0
CaptureSite1,CaptureSite2,rail,2,0.0
CaptureSite1,CaptureSite2,rail,3,0.0
CaptureSite1,CaptureSite2,rail,4,0.0
CaptureSite1,CaptureSite2,rail,5,0.0
CaptureSite1,CaptureSite2,rail,6,0.0
CaptureSite1,CaptureSite2,rail,7,0.0
CaptureSite1,CaptureSite2,rail,8,0.0
CaptureSite1,CaptureSite2,rail,9,0.0
CaptureSite1,CaptureSite2,rail,10,0.0
CaptureSite1,CaptureSite2,rail,11,0.0
CaptureSite1,CaptureSite2,rail,12,0.0
CaptureSite1,CaptureSite2,rail,13,0.0
CaptureSite1,CaptureSite2,rail,14,0.0
CaptureSite1,CaptureSite2,rail,15,0.0
CaptureSite1,CaptureSite2,rail,16,0.0
CaptureSite1,CaptureSite2,rail,17,0.0
CaptureSite1,CaptureSite2,rail,18,0.0
CaptureSite1,CaptureSite2,rail,19,0.0
CaptureSite1,CaptureSite2,rail,20,0.0
CaptureSite1,CaptureSite2,rail,21,0.0
CaptureSite1,CaptureSite2,rail,22,0.0
CaptureSite1,CaptureSite2,rail,23,0.0
CaptureSite1,CaptureSite2,rail,24,0.0
CaptureSite1,CaptureSite2,rail,25,0.0
CaptureSite1,CaptureSite2,pipeline,0,0.0
CaptureSite1,CaptureSite2,pipeline,1,0.0
CaptureSite1,CaptureSite2,pipeline,2,0.0
CaptureSite1,CaptureSite2,pipeline,3,0.0
CaptureSite1,CaptureSite2,pipeline,4,0.0
CaptureSite1,CaptureSite2,pipeline,5,0.0
CaptureSite1,CaptureSite2,pipeline,6,0.0
CaptureSite1,CaptureSite2,pipeline,7,0.0
CaptureSite1,CaptureSite2,pipeline,8,0.0
CaptureSite1,CaptureSite2,pipeline,9,0.0
CaptureSite1,CaptureSite2,pipeline,10,0.0
CaptureSite1,CaptureSite2,pipeline,11,0.0
CaptureSite1,CaptureSite2,pipeline,12,0.0
CaptureSite1,CaptureSite2,pipeline,13,0.0
CaptureSite1,CaptureSite2,pipeline,14,0.0
CaptureSite1,CaptureSite2,pipeline,15,0.0
CaptureSite1,CaptureSite2,pipeline,16,0.0
CaptureSite1,CaptureSite2,pipeline,17,0.0
CaptureSite1,CaptureSite2,pipeline,18,0.0
CaptureSite1,CaptureSite2,pipeline,19,0.0
CaptureSite1,CaptureSite2,pipeline,20,0.0
CaptureSite1,CaptureSite2,pipeline,21,0.0
CaptureSite1,CaptureSite2,pipeline,22,0.0
CaptureSite1,CaptureSite2,pipeline,23,0.0
CaptureSite1,CaptureSite2,pipeline,24,0.0
CaptureSite1,CaptureSite2,pipeline,25,0.0
CaptureSite1,CaptureSite4,truck,0,0.0
CaptureSite1,CaptureSite4,truck,1,0.0
CaptureSite1,CaptureSite4,truck,2,0.0
CaptureSite1,CaptureSite4,truck,3,0.0
CaptureSite1,CaptureSite4,truck,4,0.0
CaptureSite1,CaptureSite4,truck,5,0.0
CaptureSite1,CaptureSite4,truck,6,0.0
CaptureSite1,CaptureSite4,truck,7,0.0
CaptureSite1,CaptureSite4,truck,8,0.0
CaptureSite1,CaptureSite4,truck,9,0.0
CaptureSite1,CaptureSite4,truck,10,0.0
CaptureSite1,CaptureSite4,truck,11,0.0
CaptureSite1,CaptureSite4,truck,12,0.0
CaptureSite1,CaptureSite4,truck,13,0.0
CaptureSite1,CaptureSite4,truck,14,0.0
CaptureSite1,CaptureSite4,truck,15,0.0
CaptureSite1,CaptureSite4,truck,16,0.0
CaptureSite1,CaptureSite4,truck,17,0.0
CaptureSite1,CaptureSite4,truck,18,0.0
CaptureSite1,CaptureSite4,truck,19,0.0
CaptureSite1,CaptureSite4,truck,20,0.0
CaptureSite1,CaptureSite4,truck,21,0.0
CaptureSite1,CaptureSite4,truck,22,0.0
CaptureSite1,CaptureSite4,truck,23,0.0
CaptureSite1,CaptureSite4,truck,24,0.0
CaptureSite1,CaptureSite4,truck,25,0.0
CaptureSite1,CaptureSite4,rail,0,0.0
CaptureSite1,CaptureSite4,rail,1,0.0
CaptureSite1,CaptureSite4,rail,2,0.0
CaptureSite1,CaptureSite4,rail,3,0.0
CaptureSite1,CaptureSite4,rail,4,0.0
CaptureSite1,CaptureSite4,rail,5,0.0
CaptureSite1,CaptureSite4,rail,6,0.0
CaptureSite1,CaptureSite4,rail,7,0.0
CaptureSite1,CaptureSite4,rail,8,0.0
CaptureSite1,CaptureSite4,rail,9,0.0
CaptureSite1,CaptureSite4,rail,10,0.0
CaptureSite1,CaptureSite4,rail,11,0.0
CaptureSite1,CaptureSite4,rail,12,0.0
CaptureSite1,CaptureSite4,rail,13,0.0
CaptureSite1,CaptureSite4,rail,14,0.0
CaptureSite1,CaptureSite4,rail,15,0.0
CaptureSite1,CaptureSite4,rail,16,0.0
CaptureSite1,CaptureSite4,rail,17,0.0
CaptureSite1,CaptureSite4,rail,18,0.0
CaptureSite1,CaptureSite4,rail,19,0.0
CaptureSite1,CaptureSite4,rail,20,0.0
CaptureSite1,CaptureSite4,rail,21,0.0
CaptureSite1,CaptureSite4,rail,22,0.0
CaptureSite1,CaptureSite4,rail,23,0.0
CaptureSite1,CaptureSite4,rail,24,0.0
CaptureSite1,CaptureSite4,rail,25,0.0
CaptureSite1,CaptureSite4,pipeline,0,0.0
CaptureSite1,CaptureSite4,pipeline,1,0.0
CaptureSite1,CaptureSite4,pipeline,2,0.0
CaptureSite1,CaptureSite4,pipeline,3,0.0
CaptureSite1,CaptureSite4,pipeline,4,0.0
CaptureSite1,CaptureSite4,pipeline,5,0.0
CaptureSite1,CaptureSite4,pipeline,6,0.0
CaptureSite1,CaptureSite4,pipeline,7,0.0
CaptureSite1,CaptureSite4,pipeline,8,0.0
CaptureSite1,CaptureSite4,pipeline,9,0.0
CaptureSite1,CaptureSite4,pipeline,10,0.0
CaptureSite1,CaptureSite4,pipeline,11,0.0
CaptureSite1,CaptureSite4,pipeline,12,0.0
CaptureSite1,CaptureSite4,pipeline,13,0.0
CaptureSite1,CaptureSite4,pipeline,14,0.0
CaptureSite1,CaptureSite4,pipeline,15,0.0
CaptureSite1,CaptureSite4,pipeline,16,0.0
CaptureSite1,CaptureSite4,pipeline,17,0.0
CaptureSite1,CaptureSite4,pipeline,18,0.0
CaptureSite1,CaptureSite4,pipeline,19,0.0
CaptureSite1,CaptureSite4,pipeline,20,0.0
CaptureSite1,CaptureSite4,pipeline,21,0.0
CaptureSite1,CaptureSite4,pipeline,22,0.0
CaptureSite1,CaptureSite4,pipeline,23,0.0
CaptureSite1,CaptureSite4,pipeline,24,0.0
CaptureSite1,CaptureSite4,pipeline,25,0.0
CaptureSite1,CaptureSite5,truck,0,0.0
CaptureSite1,CaptureSite5,truck,1,0.0
CaptureSite1,CaptureSite5,truck,2,0.0
CaptureSite1,CaptureSite5,truck,3,0.0
CaptureSite1,CaptureSite5,truck,4,0.0
CaptureSite1,CaptureSite5,truck,5,0.0
CaptureSite1,CaptureSite5,truck,6,0.0
CaptureSite1,CaptureSite5,truck,7,0.0
CaptureSite1,CaptureSite5,truck,8,0.0
CaptureSite1,CaptureSite5,truck,9,0.0
CaptureSite1,CaptureSite5,truck,10,0.0
CaptureSite1,CaptureSite5,truck,11,0.0
CaptureSite1,CaptureSite5,truck,12,0.0
CaptureSite1,CaptureSite5,truck,13,0.0
CaptureSite1,CaptureSite5,truck,14,0.0
CaptureSite1,CaptureSite5,truck,15,0.0
CaptureSite1,CaptureSite5,truck,16,0.0
CaptureSite1,CaptureSite5,truck,17,0.0
CaptureSite1,CaptureSite5,truck,18,0.0
CaptureSite1,CaptureSite5,truck,19,0.0
CaptureSite1,CaptureSite5,truck,20,0.0
CaptureSite1,CaptureSite5,truck,21,0.0
CaptureSite1,CaptureSite5,truck,22,0.0
CaptureSite1,CaptureSite5,truck,23,0.0
CaptureSite1,CaptureSite5,truck,24,0.0
CaptureSite1,CaptureSite5,truck,25,0.0
CaptureSite1,CaptureSite5,rail,0,0.0
CaptureSite1,CaptureSite5,rail,1,0.0
CaptureSite1,CaptureSite5,rail,2,0.0
CaptureSite1,CaptureSite5,rail,3,0.0
CaptureSite1,CaptureSite5,rail,4,0.0
CaptureSite1,CaptureSite5,rail,5,0.0
CaptureSite1,CaptureSite5,rail,6,0.0
CaptureSite1,CaptureSite5,rail,7,0.0
CaptureSite1,CaptureSite5,rail,8,0.0
CaptureSite1,CaptureSite5,rail,9,0.0
CaptureSite1,CaptureSite5,rail,10,0.0
CaptureSite1,CaptureSite5,rail,11,0.0
CaptureSite1,CaptureSite5,rail,12,0.0
CaptureSite1,CaptureSite5,rail,13,0.0
CaptureSite1,CaptureSite5,rail,14,0.0
CaptureSite1,CaptureSite5,rail,15,0.0
CaptureSite1,CaptureSite5,rail,16,0.0
CaptureSite1,CaptureSite5,rail,17,0.0
CaptureSite1,CaptureSite5,rail,18,0.0
CaptureSite1,CaptureSite5,rail,19,0.0
CaptureSite1,CaptureSite5,rail,20,0.0
CaptureSite1,CaptureSite5,rail,21,0.0
CaptureSite1,CaptureSite5,rail,22,0.0
CaptureSite1,CaptureSite5,rail,23,0.0
CaptureSite1,CaptureSite5,rail,24,0.0
CaptureSite1,CaptureSite5,rail,25,0.0
CaptureSite1,CaptureSite5,pipeline,0,0.0
CaptureSite1,CaptureSite5,pipeline,1,0.0
CaptureSite1,CaptureSite5,pipeline,2,0.0
CaptureSite1,CaptureSite5,pipeline,3,0.0
CaptureSite1,CaptureSite5,pipeline,4,0.0
CaptureSite1,CaptureSite5,pipeline,5,0.0
CaptureSite1,CaptureSite5,pipeline,6,0.0
CaptureSite1,CaptureSite5,pipeline,7,0.0
CaptureSite1,CaptureSite5,pipeline,8,0.0
CaptureSite1,CaptureSite5,pipeline,9,0.0
CaptureSite1,CaptureSite5,pipeline,10,0.0
CaptureSite1,CaptureSite5,pipeline,11,0.0
CaptureSite1,CaptureSite5,pipeline,12,0.0
CaptureSite1,CaptureSite5,pipeline,13,0.0
CaptureSite1,CaptureSite5,pipeline,14,0.0
CaptureSite1,CaptureSite5,pipeline,15,0.0
CaptureSite1,CaptureSite5,pipeline,16,0.0
CaptureSite1,CaptureSite5,pipeline,17,0.0
CaptureSite1,CaptureSite5,pipeline,18,0.0
CaptureSite1,CaptureSite5,pipeline,19,0.0
CaptureSite1,CaptureSite5,pipeline,20,0.0
CaptureSite1,CaptureSite5,pipeline,21,0.0
CaptureSite1,CaptureSite5,pipeline,22,0.0
CaptureSite1,CaptureSite5,pipeline,23,0.0
CaptureSite1,CaptureSite5,pipeline,24,0.0
CaptureSite1,CaptureSite5,pipeline,25,0.0
CaptureSite2,CaptureSite3,truck,0,0.0
CaptureSite2,CaptureSite3,truck,1,0.0
CaptureSite2,CaptureSite3,truck,2,0.0
CaptureSite2,CaptureSite3,truck,3,0.0
CaptureSite2,CaptureSite3,truck,4,0.0
CaptureSite2,CaptureSite3,truck,5,0.0
CaptureSite2,CaptureSite3,truck,6,0.0
CaptureSite2,CaptureSite3,truck,7,0.0
CaptureSite2,CaptureSite3,truck,8,0.0
CaptureSite2,CaptureSite3,truck,9,0.0
CaptureSite2,CaptureSite3,truck,10,0.0
CaptureSite2,CaptureSite3,truck,11,0.0
CaptureSite2,CaptureSite3,truck,12,0.0
CaptureSite2,CaptureSite3,truck,13,0.0
CaptureSite2,CaptureSite3,truck,14,0.0
CaptureSite2,CaptureSite3,truck,15,0.0
CaptureSite2,CaptureSite3,truck,16,0.0
CaptureSite2,CaptureSite3,truck,17,0.0
CaptureSite2,CaptureSite3,truck,18,0.0
CaptureSite2,CaptureSite3,truck,19,0.0
CaptureSite2,CaptureSite3,truck,20,0.0
CaptureSite2,CaptureSite3,truck,21,0.0
CaptureSite2,CaptureSite3,truck,22,0.0
CaptureSite2,CaptureSite3,truck,23,0.0
CaptureSite2,CaptureSite3,truck,24,0.0
CaptureSite2,CaptureSite3,truck,25,0.0
CaptureSite2,CaptureSite3,rail,0,0.0
CaptureSite2,CaptureSite3,rail,1,0.0
CaptureSite2,CaptureSite3,rail,2,0.0
CaptureSite2,CaptureSite3,rail,3,0.0
CaptureSite2,CaptureSite3,rail,4,0.0
CaptureSite2,CaptureSite3,rail,5,0.0
CaptureSite2,CaptureSite3,rail,6,0.0
CaptureSite2,CaptureSite3,rail,7,0.0
CaptureSite2,CaptureSite3,rail,8,0.0
CaptureSite2,CaptureSite3,rail,9,0.0
CaptureSite2,CaptureSite3,rail,10,0.0
CaptureSite2,CaptureSite3,rail,11,0.0
CaptureSite2,CaptureSite3,rail,12,0.0
CaptureSite2,CaptureSite3,rail,13,0.0
CaptureSite2,CaptureSite3,rail,14,0.0
CaptureSite2,CaptureSite3,rail,15,0.0
CaptureSite2,CaptureSite3,rail,16,0.0
CaptureSite2,CaptureSite3,rail,17,0.0
CaptureSite2,CaptureSite3,rail,18,0.0
CaptureSite2,CaptureSite3,rail,19,0.0
CaptureSite2,CaptureSite3,rail,20,0.0
CaptureSite2,CaptureSite3,rail,21,0.0
CaptureSite2,CaptureSite3,rail,22,0.0
CaptureSite2,CaptureSite3,rail,23,0.0
CaptureSite2,CaptureSite3,rail,24,0.0
CaptureSite2,CaptureSite3,rail,25,0.0
CaptureSite2,CaptureSite3,pipeline,0,130.00000000000566
CaptureSite2,CaptureSite3,pipeline,1,40.0
CaptureSite2,CaptureSite3,pipeline,2,40.0
CaptureSite2,CaptureSite3,pipeline,3,39.99999999999602
CaptureSite2,CaptureSite3,pipeline,4,40.0
CaptureSite2,CaptureSite3,pipeline,5,225.00000000000193
CaptureSite2,CaptureSite3,pipeline,6,225.00000000000193
CaptureSite2,CaptureSite3,pipeline,7,225.00000000000193
CaptureSite2,CaptureSite3,pipeline,8,0.0
CaptureSite2,CaptureSite3,pipeline,9,0.0
CaptureSite2,CaptureSite3,pipeline,10,0.0
CaptureSite2,CaptureSite3,pipeline,11,0.0
CaptureSite2,CaptureSite3,pipeline,12,0.0
CaptureSite2,CaptureSite3,pipeline,13,0.0
CaptureSite2,CaptureSite3,pipeline,14,21.638095238095303
CaptureSite2,CaptureSite3,pipeline,15,0.0
CaptureSite2,CaptureSite3,pipeline,16,225.0
CaptureSite2,CaptureSite3,pipeline,17,0.0
CaptureSite2,CaptureSite3,pipeline,18,0.0
CaptureSite2,CaptureSite3,pipeline,19,159.63809523809533
CaptureSite2,CaptureSite3,pipeline,20,0.0
CaptureSite2,CaptureSite3,pipeline,21,0.0
CaptureSite2,CaptureSite3,pipeline,22,0.0
CaptureSite2,CaptureSite3,pipeline,23,0.0
CaptureSite2,CaptureSite3,pipeline,24,0.0
CaptureSite2,CaptureSite3,pipeline,25,0.0
CaptureSite2,CaptureSite4,truck,0,0.0
CaptureSite2,CaptureSite4,truck,1,0.0
CaptureSite2,CaptureSite4,truck,2,0.0
CaptureSite2,CaptureSite4,truck,3,0.0
CaptureSite2,CaptureSite4,truck,4,0.0
CaptureSite2,CaptureSite4,truck,5,0.0
CaptureSite2,CaptureSite4,truck,6,0.0
CaptureSite2,CaptureSite4,truck,7,0.0
CaptureSite2,CaptureSite4,truck,8,0.0
CaptureSite2,CaptureSite4,truck,9,0.0
CaptureSite2,CaptureSite4,truck,10,0.0
CaptureSite2,CaptureSite4,truck,11,0.0
CaptureSite2,CaptureSite4,truck,12,0.0
CaptureSite2,CaptureSite4,truck,13,0.0
CaptureSite2,CaptureSite4,truck,14,0.0
CaptureSite2,CaptureSite4,truck,15,0.0
CaptureSite2,CaptureSite4,truck,16,0.0
CaptureSite2,CaptureSite4,truck,17,0.0
CaptureSite2,CaptureSite4,truck,18,0.0
CaptureSite2,CaptureSite4,truck,19,0.0
CaptureSite2,CaptureSite4,truck,20,0.0
CaptureSite2,CaptureSite4,truck,21,0.0
CaptureSite2,CaptureSite4,truck,22,0.0
CaptureSite2,CaptureSite4,truck,23,0.0
CaptureSite2,CaptureSite4,truck,24,0.0
CaptureSite2,CaptureSite4,truck,25,0.0
CaptureSite2,CaptureSite4,rail,0,0.0
CaptureSite2,CaptureSite4,rail,1,0.0
CaptureSite2,CaptureSite4,rail,2,0.0
CaptureSite2,CaptureSite4,rail,3,0.0
CaptureSite2,CaptureSite4,rail,4,0.0
CaptureSite2,CaptureSite4,rail,5,0.0
CaptureSite2,CaptureSite4,rail,6,0.0
CaptureSite2,CaptureSite4,rail,7,0.0
CaptureSite2,CaptureSite4,rail,8,0.0
CaptureSite2,CaptureSite4,rail,9,0.0
CaptureSite2,CaptureSite4,rail,10,0.0
CaptureSite2,CaptureSite4,rail,11,0.0
CaptureSite2,CaptureSite4,rail,12,0.0
CaptureSite2,CaptureSite4,rail,13,0.0
CaptureSite2,CaptureSite4,rail,14,0.0
CaptureSite2,CaptureSite4,rail,15,0.0
CaptureSite2,CaptureSite4,rail,16,0.0
CaptureSite2,CaptureSite4,rail,17,0.0
CaptureSite2,CaptureSite4,rail,18,0.0
CaptureSite2,CaptureSite4,rail,19,0.0
CaptureSite2,CaptureSite4,rail,20,0.0
CaptureSite2,CaptureSite4,rail,21,0.0
CaptureSite2,CaptureSite4,rail,22,0.0
CaptureSite2,CaptureSite4,rail,23,0.0
CaptureSite2,CaptureSite4,rail,24,0.0
CaptureSite2,CaptureSite4,rail,25,0.0
CaptureSite2,CaptureSite4,pipeline,0,0.0
CaptureSite2,CaptureSite4,pipeline,1,0.0
CaptureSite2,CaptureSite4,pipeline,2,0.0
CaptureSite2,CaptureSite4,pipeline,3,0.0
CaptureSite2,CaptureSite4,pipeline,4,0.0
CaptureSite2,CaptureSite4,pipeline,5,0.0
CaptureSite2,CaptureSite4,pipeline,6,0.0
CaptureSite2,CaptureSite4,pipeline,7,0.0
CaptureSite2,CaptureSite4,pipeline,8,0.0
CaptureSite2,CaptureSite4,pipeline,9,0.0
CaptureSite2,CaptureSite4,pipeline,10,0.0
CaptureSite2,CaptureSite4,pipeline,11,0.0
CaptureSite2,CaptureSite4,pipeline,12,0.0
CaptureSite2,CaptureSite4,pipeline,13,0.0
CaptureSite2,CaptureSite4,pipeline,14,0.0
CaptureSite2,CaptureSite4,pipeline,15,0.0
CaptureSite2,CaptureSite4,pipeline,16,0.0
CaptureSite2,CaptureSite4,pipeline,17,0.0
CaptureSite2,CaptureSite4,pipeline,18,0.0
CaptureSite2,CaptureSite4,pipeline,19,0.0
CaptureSite2,CaptureSite4,pipeline,20,0.0
CaptureSite2,CaptureSite4,pipeline,21,0.0
CaptureSite2,CaptureSite4,pipeline,22,0.0
CaptureSite2,CaptureSite4,pipeline,23,0.0
CaptureSite2,CaptureSite4,pipeline,24,0.0
CaptureSite2,CaptureSite4,pipeline,25,0.0
CaptureSite2,CaptureSite5,truck,0,0.0
CaptureSite2,CaptureSite5,truck,1,0.0
CaptureSite2,CaptureSite5,truck,2,0.0
CaptureSite2,CaptureSite5,truck,3,0.0
CaptureSite2,CaptureSite5,truck,4,0.0
CaptureSite2,CaptureSite5,truck,5,0.0
CaptureSite2,CaptureSite5,truck,6,0.0
CaptureSite2,CaptureSite5,truck,7,0.0
CaptureSite2,CaptureSite5,truck,8,0.0
CaptureSite2,CaptureSite5,truck,9,0.0
CaptureSite2,CaptureSite5,truck,10,0.0
CaptureSite2,CaptureSite5,truck,11,0.0
CaptureSite2,CaptureSite5,truck,12,0.0
CaptureSite2,CaptureSite5,truck,13,0.0
CaptureSite2,CaptureSite5,truck,14,0.0
CaptureSite2,CaptureSite5,truck,15,0.0
CaptureSite2,CaptureSite5,truck,16,0.0
CaptureSite2,CaptureSite5,truck,17,0.0
CaptureSite2,CaptureSite5,truck,18,0.0
CaptureSite2,CaptureSite5,truck,19,0.0
CaptureSite2,CaptureSite5,truck,20,0.0
CaptureSite2,CaptureSite5,truck,21,0.0
CaptureSite2,CaptureSite5,truck,22,0.0
CaptureSite2,CaptureSite5,truck,23,0.0
CaptureSite2,CaptureSite5,truck,24,0.0
CaptureSite2,CaptureSite5,truck,25,0.0
CaptureSite2,CaptureSite5,rail,0,0.0
CaptureSite2,CaptureSite5,rail,1,0.0
CaptureSite2,CaptureSite5,rail,2,0.0
CaptureSite2,CaptureSite5,rail,3,0.0
CaptureSite2,CaptureSite5,rail,4,0.0
CaptureSite2,CaptureSite5,rail,5,0.0
CaptureSite2,CaptureSite5,rail,6,0.0
CaptureSite2,CaptureSite5,rail,7,0.0
CaptureSite2,CaptureSite5,rail,8,0.0
CaptureSite2,CaptureSite5,rail,9,0.0
CaptureSite2,CaptureSite5,rail,10,0.0
CaptureSite2,CaptureSite5,rail,11,0.0
CaptureSite2,CaptureSite5,rail,12,0.0
CaptureSite2,CaptureSite5,rail,13,0.0
CaptureSite2,CaptureSite5,rail,14,0.0
CaptureSite2,CaptureSite5,rail,15,0.0
CaptureSite2,CaptureSite5,rail,16,0.0
CaptureSite2,CaptureSite5,rail,17,0.0
CaptureSite2,CaptureSite5,rail,18,0.0
CaptureSite2,CaptureSite5,rail,19,0.0
CaptureSite2,CaptureSite5,rail,20,0.0
CaptureSite2,CaptureSite5,rail,21,0.0
CaptureSite2,CaptureSite5,rail,22,0.0
CaptureSite2,CaptureSite5,rail,23,0.0
CaptureSite2,CaptureSite5,rail,24,0.0
CaptureSite2,CaptureSite5,rail,25,0.0
CaptureSite2,CaptureSite5,pipeline,0,94.99999999999974
CaptureSite2,CaptureSite5,pipeline,1,72.60000000000002
CaptureSite2,CaptureSite5,pipeline,2,50.200000000000045
CaptureSite2,CaptureSite5,pipeline,3,27.799999999998022
CaptureSite2,CaptureSite5,pipeline,4,5.400000000000034
CaptureSite2,CaptureSite5,pipeline,5,0.0
CaptureSite2,CaptureSite5,pipeline,6,0.0
CaptureSite2,CaptureSite5,pipeline,7,0.0
CaptureSite2,CaptureSite5,pipeline,8,0.0
CaptureSite2,CaptureSite5,pipeline,9,0.0
CaptureSite2,CaptureSite5,pipeline,10,0.0
CaptureSite2,CaptureSite5,pipeline,11,0.0
CaptureSite2,CaptureSite5,pipeline,12,0.0
CaptureSite2,CaptureSite5,pipeline,13,0.0
CaptureSite2,CaptureSite5,pipeline,14,0.0
CaptureSite2,CaptureSite5,pipeline,15,0.0
CaptureSite2,CaptureSite5,pipeline,16,0.0
CaptureSite2,CaptureSite5,pipeline,17,0.0
CaptureSite2,CaptureSite5,pipeline,18,0.0
CaptureSite2,CaptureSite5,pipeline,19,0.0
CaptureSite2,CaptureSite5,pipeline,20,0.0
CaptureSite2,CaptureSite5,pipeline,21,0.0
CaptureSite2,CaptureSite5,pipeline,22,0.0
CaptureSite2,CaptureSite5,pipeline,23,0.0
CaptureSite2,CaptureSite5,pipeline,24,0.0
CaptureSite2,CaptureSite5,pipeline,25,0.0
CaptureSite3,CaptureSite5,truck,0,0.0
CaptureSite3,CaptureSite5,truck,1,0.0
CaptureSite3,CaptureSite5,truck,2,0.0
CaptureSite3,CaptureSite5,truck,3,0.0
CaptureSite3,CaptureSite5,truck,4,0.0
CaptureSite3,CaptureSite5,truck,5,0.0
CaptureSite3,CaptureSite5,truck,6,0.0
CaptureSite3,CaptureSite5,truck,7,0.0
CaptureSite3,CaptureSite5,truck,8,0.0
CaptureSite3,CaptureSite5,truck,9,0.0
CaptureSite3,CaptureSite5,truck,10,0.0
CaptureSite3,CaptureSite5,truck,11,0.0
CaptureSite3,CaptureSite5,truck,12,0.0
CaptureSite3,CaptureSite5,truck,13,0.0
CaptureSite3,CaptureSite5,truck,14,0.0
CaptureSite3,CaptureSite5,truck,15,0.0
CaptureSite3,CaptureSite5,truck,16,0.0
CaptureSite3,CaptureSite5,truck,17,0.0
CaptureSite3,CaptureSite5,truck,18,0.0
CaptureSite3,CaptureSite5,truck,19,0.0
CaptureSite3,CaptureSite5,truck,20,0.0
CaptureSite3,CaptureSite5,truck,21,0.0
CaptureSite3,CaptureSite5,truck,22,0.0
CaptureSite3,CaptureSite5,truck,23,0.0
CaptureSite3,CaptureSite5,truck,24,0.0
CaptureSite3,CaptureSite5,truck,25,0.0
CaptureSite3,CaptureSite5,rail,0,0.0
CaptureSite3,CaptureSite5,rail,1,0.0
CaptureSite3,CaptureSite5,rail,2,0.0
CaptureSite3,CaptureSite5,rail,3,0.0
CaptureSite3,CaptureSite5,rail,4,0.0
CaptureSite3,CaptureSite5,rail,5,0.0
CaptureSite3,CaptureSite5,rail,6,0.0
CaptureSite3,CaptureSite5,rail,7,0.0
CaptureSite3,CaptureSite5,rail,8,0.0
CaptureSite3,CaptureSite5,rail,9,0.0
CaptureSite3,CaptureSite5,rail,10,0.0
CaptureSite3,CaptureSite5,rail,11,0.0
CaptureSite3,CaptureSite5,rail,12,0.0
CaptureSite3,CaptureSite5,rail,13,0.0
CaptureSite3,CaptureSite5,rail,14,0.0
CaptureSite3,CaptureSite5,rail,15,0.0
CaptureSite3,CaptureSite5,rail,16,0.0
CaptureSite3,CaptureSite5,rail,17,0.0
CaptureSite3,CaptureSite5,rail,18,0.0
CaptureSite3,CaptureSite5,rail,19,0.0
CaptureSite3,CaptureSite5,rail,20,0.0
CaptureSite3,CaptureSite5,rail,21,0.0
CaptureSite3,CaptureSite5,rail,22,0.0
CaptureSite3,CaptureSite5,rail,23,0.0
CaptureSite3,CaptureSite5,rail,24,0.0
CaptureSite3,CaptureSite5,rail,25,0.0
CaptureSite3,CaptureSite5,pipeline,0,0.0
CaptureSite3,CaptureSite5,pipeline,1,0.0
CaptureSite3,CaptureSite5,pipeline,2,0.0
CaptureSite3,CaptureSite5,pipeline,3,0.0
CaptureSite3,CaptureSite5,pipeline,4,0.0
CaptureSite3,CaptureSite5,pipeline,5,0.0
CaptureSite3,CaptureSite5,pipeline,6,0.0
CaptureSite3,CaptureSite5,pipeline,7,0.0
CaptureSite3,CaptureSite5,pipeline,8,0.0
CaptureSite3,CaptureSite5,pipeline,9,0.0
CaptureSite3,CaptureSite5,pipeline,10,0.0
CaptureSite3,CaptureSite5,pipeline,11,0.0
CaptureSite3,CaptureSite5,pipeline,12,0.0
CaptureSite3,CaptureSite5,pipeline,13,0.0
CaptureSite3,CaptureSite5,pipeline,14,0.0
CaptureSite3,CaptureSite5,pipeline,15,0.0
CaptureSite3,CaptureSite5,pipeline,16,0.0
CaptureSite3,CaptureSite5,pipeline,17,0.0
CaptureSite3,CaptureSite5,pipeline,18,0.0
CaptureSite3,CaptureSite5,pipeline,19,0.0
CaptureSite3,CaptureSite5,pipeline,20,0.0
CaptureSite3,CaptureSite5,pipeline,21,0.0
CaptureSite3,CaptureSite5,pipeline,22,0.0
CaptureSite3,CaptureSite5,pipeline,23,0.0
CaptureSite3,CaptureSite5,pipeline,24,0.0
CaptureSite3,CaptureSite5,pipeline,25,0.0
CaptureSite4,CaptureSite5,truck,0,0.0
CaptureSite4,CaptureSite5,truck,1,0.0
CaptureSite4,CaptureSite5,truck,2,0.0
CaptureSite4,CaptureSite5,truck,3,0.0
CaptureSite4,CaptureSite5,truck,4,0.0
CaptureSite4,CaptureSite5,truck,5,0.0
CaptureSite4,CaptureSite5,truck,6,0.0
CaptureSite4,CaptureSite5,truck,7,0.0
CaptureSite4,CaptureSite5,truck,8,0.0
CaptureSite4,CaptureSite5,truck,9,0.0
CaptureSite4,CaptureSite5,truck,10,0.0
CaptureSite4,CaptureSite5,truck,11,0.0
CaptureSite4,CaptureSite5,truck,12,0.0
CaptureSite4,CaptureSite5,truck,13,0.0
CaptureSite4,CaptureSite5,truck,14,0.0
CaptureSite4,CaptureSite5,truck,15,0.0
CaptureSite4,CaptureSite5,truck,16,0.0
CaptureSite4,CaptureSite5,truck,17,0.0
CaptureSite4,CaptureSite5,truck,18,0.0
CaptureSite4,CaptureSite5,truck,19,0.0
CaptureSite4,CaptureSite5,truck,20,0.0
CaptureSite4,CaptureSite5,truck,21,0.0
CaptureSite4,CaptureSite5,truck,22,0.0
CaptureSite4,CaptureSite5,truck,23,0.0
CaptureSite4,CaptureSite5,truck,24,0.0
CaptureSite4,CaptureSite5,truck,25,0.0
CaptureSite4,CaptureSite5,rail,0,0.0
CaptureSite4,CaptureSite5,rail,1,0.0
CaptureSite4,CaptureSite5,rail,2,0.0
CaptureSite4,CaptureSite5,rail,3,0.0
CaptureSite4,CaptureSite5,rail,4,0.0
CaptureSite4,CaptureSite5,rail,5,0.0
CaptureSite4,CaptureSite5,rail,6,0.0
CaptureSite4,CaptureSite5,rail,7,0.0
CaptureSite4,CaptureSite5,rail,8,0.0
CaptureSite4,CaptureSite5,rail,9,0.0
CaptureSite4,CaptureSite5,rail,10,0.0
CaptureSite4,CaptureSite5,rail,11,0.0
CaptureSite4,CaptureSite5,rail,12,0.0
CaptureSite4,CaptureSite5,rail,13,0.0
CaptureSite4,CaptureSite5,rail,14,0.0
CaptureSite4,CaptureSite5,rail,15,0.0
CaptureSite4,CaptureSite5,rail,16,0.0
CaptureSite4,CaptureSite5,rail,17,0.0
CaptureSite4,CaptureSite5,rail,18,0.0
CaptureSite4,CaptureSite5,rail,19,0.0
CaptureSite4,CaptureSite5,rail,20,0.0
CaptureSite4,CaptureSite5,rail,21,0.0
CaptureSite4,CaptureSite5,rail,22,0.0
CaptureSite4,CaptureSite5,rail,23,0.0
CaptureSite4,CaptureSite5,rail,24,0.0
CaptureSite4,CaptureSite5,rail,25,0.0
CaptureSite4,CaptureSite5,pipeline,0,0.0
CaptureSite4,CaptureSite5,pipeline,1,0.0
CaptureSite4,CaptureSite5,pipeline,2,0.0
CaptureSite4,CaptureSite5,pipeline,3,0.0
CaptureSite4,CaptureSite5,pipeline,4,0.0
CaptureSite4,CaptureSite5,pipeline,5,0.0
CaptureSite4,CaptureSite5,pipeline,6,0.0
CaptureSite4,CaptureSite5,pipeline,7,0.0
CaptureSite4,CaptureSite5,pipeline,8,0.0
CaptureSite4,CaptureSite5,pipeline,9,0.0
CaptureSite4,CaptureSite5,pipeline,10,0.0
CaptureSite4,CaptureSite5,pipeline,11,0.0
CaptureSite4,CaptureSite5,pipeline,12,0.0
CaptureSite4,CaptureSite5,pipeline,13,0.0
CaptureSite4,CaptureSite5,pipeline,14,0.0
CaptureSite4,CaptureSite5,pipeline,15,0.0
CaptureSite4,CaptureSite5,pipeline,16,0.0
CaptureSite4,CaptureSite5,pipeline,17,0.0
CaptureSite4,CaptureSite5,pipeline,18,0.0
CaptureSite4,CaptureSite5,pipeline,19,0.0
CaptureSite4,CaptureSite5,pipeline,20,0.0
CaptureSite4,CaptureSite5,pipeline,21,0.0
CaptureSite4,CaptureSite5,pipeline,22,0.0
CaptureSite4,CaptureSite5,pipeline,23,0.0
CaptureSite4,CaptureSite5,pipeline,24,0.0
CaptureSite4,CaptureSite5,pipeline,25,0.0
CaptureSite3,StorageSite1,truck,0,0.0
CaptureSite3,StorageSite1,truck,1,0.0
CaptureSite3,StorageSite1,truck,2,0.0
CaptureSite3,StorageSite1,truck,3,0.0
CaptureSite3,StorageSite1,truck,4,0.0
CaptureSite3,StorageSite1,truck,5,0.0
CaptureSite3,StorageSite1,truck,6,0.0
CaptureSite3,StorageSite1,truck,7,0.0
CaptureSite3,StorageSite1,truck,8,0.0
CaptureSite3,StorageSite1,truck,9,0.0
CaptureSite3,StorageSite1,truck,10,0.0
CaptureSite3,StorageSite1,truck,11,0.0
CaptureSite3,StorageSite1,truck,12,0.0
CaptureSite3,StorageSite1,truck,13,0.0
CaptureSite3,StorageSite1,truck,14,0.0
CaptureSite3,StorageSite1,truck,15,0.0
CaptureSite3,StorageSite1,truck,16,0.0
CaptureSite3,StorageSite1,truck,17,0.0
CaptureSite3,StorageSite1,truck,18,0.0
CaptureSite3,StorageSite1,truck,19,0.0
CaptureSite3,StorageSite1,truck,20,0.0
CaptureSite3,StorageSite1,truck,21,0.0
CaptureSite3,StorageSite1,truck,22,0.0
CaptureSite3,StorageSite1,truck,23,0.0
CaptureSite3,StorageSite1,truck,24,0.0
CaptureSite3,StorageSite1,truck,25,0.0
CaptureSite3,StorageSite1,rail,0,0.0
CaptureSite3,StorageSite1,rail,1,0.0
CaptureSite3,StorageSite1,rail,2,0.0
CaptureSite3,StorageSite1,rail,3,0.0
CaptureSite3,StorageSite1,rail,4,0.0
CaptureSite3,StorageSite1,rail,5,0.0
CaptureSite3,StorageSite1,rail,6,0.0
CaptureSite3,StorageSite1,rail,7,0.0
CaptureSite3,StorageSite1,rail,8,0.0
CaptureSite3,StorageSite1,rail,9,0.0
CaptureSite3,StorageSite1,rail,10,0.0
CaptureSite3,StorageSite1,rail,11,0.0
CaptureSite3,StorageSite1,rail,12,0.0
CaptureSite3,StorageSite1,rail,13,0.0
CaptureSite3,StorageSite1,rail,14,0.0
CaptureSite3,StorageSite1,rail,15,0.0
CaptureSite3,StorageSite1,rail,16,0.0
CaptureSite3,StorageSite1,rail,17,0.0
CaptureSite3,StorageSite1,rail,18,0.0
CaptureSite3,StorageSite1,rail,19,0.0
CaptureSite3,StorageSite1,rail,20,0.0
CaptureSite3,StorageSite1,rail,21,0.0
CaptureSite3,StorageSite1,rail,22,0.0
CaptureSite3,StorageSite1,rail,23,0.0
CaptureSite3,StorageSite1,rail,24,0.0
CaptureSite3,StorageSite1,rail,25,0.0
CaptureSite3,StorageSite1,pipeline,0,250.00000000000193
CaptureSite3,StorageSite1,pipeline,1,250.0
CaptureSite3,StorageSite1,pipeline,2,250.0
CaptureSite3,StorageSite1,pipeline,3,250.00000000000193
CaptureSite3,StorageSite1,pipeline,4,250.00000000000193
CaptureSite3,StorageSite1,pipeline,5,232.99999999999807
CaptureSite3,StorageSite1,pipeline,6,210.60000000000002
CaptureSite3,StorageSite1,pipeline,7,188.20000000000005
CaptureSite3,StorageSite1,pipeline,8,165.79999999999995
CaptureSite3,StorageSite1,pipeline,9,143.40000000000003
CaptureSite3,StorageSite1,pipeline,10,121.0
CaptureSite3,StorageSite1,pipeline,11,98.60000000000008
CaptureSite3,StorageSite1,pipeline,12,76.19999999999999
CaptureSite3,StorageSite1,pipeline,13,53.80000000000001
CaptureSite3,StorageSite1,pipeline,14,231.6380952380953
CaptureSite3,StorageSite1,pipeline,15,209.23809523809896
CaptureSite3,StorageSite1,pipeline,16,186.83809523809535
CaptureSite3,StorageSite1,pipeline,17,164.43809523810177
CaptureSite3,StorageSite1,pipeline,18,142.03809523809537
CaptureSite3,StorageSite1,pipeline,19,119.63809523809533
CaptureSite3,StorageSite1,pipeline,20,97.23809523809533
CaptureSite3,StorageSite1,pipeline,21,74.83809523809356
CaptureSite3,StorageSite1,pipeline,22,52.438095238095336
CaptureSite3,StorageSite1,pipeline,23,30.038095238095316
CaptureSite3,StorageSite1,pipeline,24,7.638095238095351
CaptureSite3,StorageSite1,pipeline,25,0.0
CaptureSite5,CaptureSite3,truck,0,0.0
CaptureSite5,CaptureSite3,truck,1,0.0
CaptureSite5,CaptureSite3,truck,2,0.0
CaptureSite5,CaptureSite3,truck,3,0.0
CaptureSite5,CaptureSite3,truck,4,0.0
CaptureSite5,CaptureSite3,truck,5,0.0
CaptureSite5,CaptureSite3,truck,6,0.0
CaptureSite5,CaptureSite3,truck,7,0.0
CaptureSite5,CaptureSite3,truck,8,0.0
CaptureSite5,CaptureSite3,truck,9,0.0
CaptureSite5,CaptureSite3,truck,10,0.0
CaptureSite5,CaptureSite3,truck,11,0.0
CaptureSite5,CaptureSite3,truck,12,0.0
CaptureSite5,CaptureSite3,truck,13,0.0
CaptureSite5,CaptureSite3,truck,14,0.0
CaptureSite5,CaptureSite3,truck,15,0.0
CaptureSite5,CaptureSite3,truck,16,0.0
CaptureSite5,CaptureSite3,truck,17,0.0
CaptureSite5,CaptureSite3,truck,18,0.0
CaptureSite5,CaptureSite3,truck,19,0.0
CaptureSite5,CaptureSite3,truck,20,0.0
CaptureSite5,CaptureSite3,truck,21,0.0
CaptureSite5,CaptureSite3,truck,22,0.0
CaptureSite5,CaptureSite3,truck,23,0.0
CaptureSite5,CaptureSite3,truck,24,0.0
CaptureSite5,CaptureSite3,truck,25,0.0
CaptureSite5,CaptureSite3,rail,0,0.0
CaptureSite5,CaptureSite3,rail,1,0.0
CaptureSite5,CaptureSite3,rail,2,0.0
CaptureSite5,CaptureSite3,rail,3,0.0
CaptureSite5,CaptureSite3,rail,4,0.0
CaptureSite5,CaptureSite3,rail,5,0.0
CaptureSite5,CaptureSite3,rail,6,0.0
CaptureSite5,CaptureSite3,rail,7,0.0
CaptureSite5,CaptureSite3,rail,8,0.0
CaptureSite5,CaptureSite3,rail,9,0.0
CaptureSite5,CaptureSite3,rail,10,0.0
CaptureSite5,CaptureSite3,rail,11,0.0
CaptureSite5,CaptureSite3,rail,12,0.0
CaptureSite5,CaptureSite3,rail,13,0.0
CaptureSite5,CaptureSite3,rail,14,0.0
CaptureSite5,CaptureSite3,rail,15,0.0
CaptureSite5,CaptureSite3,rail,16,0.0
CaptureSite5,CaptureSite3,rail,17,0.0
CaptureSite5,CaptureSite3,rail,18,0.0
CaptureSite5,CaptureSite3,rail,19,0.0
CaptureSite5,CaptureSite3,rail,20,0.0
CaptureSite5,CaptureSite3,rail,21,0.0
CaptureSite5,CaptureSite3,rail,22,0.0
CaptureSite5,CaptureSite3,rail,23,0.0
CaptureSite5,CaptureSite3,rail,24,0.0
CaptureSite5,CaptureSite3,rail,25,0.0
CaptureSite5,CaptureSite3,pipeline,0,0.0
CaptureSite5,CaptureSite3,pipeline,1,0.0
CaptureSite5,CaptureSite3,pipeline,2,0.0
CaptureSite5,CaptureSite3,pipeline,3,0.0
CaptureSite5,CaptureSite3,pipeline,4,0.0
CaptureSite5,CaptureSite3,pipeline,5,0.0
CaptureSite5,CaptureSite3,pipeline,6,0.0
CaptureSite5,CaptureSite3,pipeline,7,0.0
CaptureSite5,CaptureSite3,pipeline,8,0.0
CaptureSite5,CaptureSite3,pipeline,9,0.0
CaptureSite5,CaptureSite3,pipeline,10,0.0
CaptureSite5,CaptureSite3,pipeline,11,0.0
CaptureSite5,CaptureSite3,pipeline,12,0.0
CaptureSite5,CaptureSite3,pipeline,13,0.0
CaptureSite5,CaptureSite3,pipeline,14,0.0
CaptureSite5,CaptureSite3,pipeline,15,0.0
CaptureSite5,CaptureSite3,pipeline,16,0.0
CaptureSite5,CaptureSite3,pipeline,17,0.0
CaptureSite5,CaptureSite3,pipeline,18,0.0
CaptureSite5,CaptureSite3,pipeline,19,0.0
CaptureSite5,CaptureSite3,pipeline,20,0.0
CaptureSite5,CaptureSite3,pipeline,21,0.0
CaptureSite5,CaptureSite3,pipeline,22,0.0
CaptureSite5,CaptureSite3,pipeline,23,0.0
CaptureSite5,CaptureSite3,pipeline,24,0.0
CaptureSite5,CaptureSite3,pipeline,25,0.0
CaptureSite5,StorageSite1,truck,0,0.0
CaptureSite5,StorageSite1,truck,1,0.0
CaptureSite5,StorageSite1,truck,2,0.0
CaptureSite5,StorageSite1,truck,3,0.0
CaptureSite5,StorageSite1,truck,4,0.0
CaptureSite5,StorageSite1,truck,5,0.0
CaptureSite5,StorageSite1,truck,6,0.0
CaptureSite5,StorageSite1,truck,7,0.0
CaptureSite5,StorageSite1,truck,8,0.0
CaptureSite5,StorageSite1,truck,9,0.0
CaptureSite5,StorageSite1,truck,10,0.0
CaptureSite5,StorageSite1,truck,11,0.0
CaptureSite5,StorageSite1,truck,12,0.0
CaptureSite5,StorageSite1,truck,13,0.0
CaptureSite5,StorageSite1,truck,14,0.0
CaptureSite5,StorageSite1,truck,15,0.0
CaptureSite5,StorageSite1,truck,16,0.0
CaptureSite5,StorageSite1,truck,17,0.0
CaptureSite5,StorageSite1,truck,18,0.0
CaptureSite5,StorageSite1,truck,19,0.0
CaptureSite5,StorageSite1,truck,20,0.0
CaptureSite5,StorageSite1,truck,21,0.0
CaptureSite5,StorageSite1,truck,22,0.0
CaptureSite5,StorageSite1,truck,23,0.0
CaptureSite5,StorageSite1,truck,24,0.0
CaptureSite5,StorageSite1,truck,25,0.0
CaptureSite5,StorageSite1,rail,0,0.0
CaptureSite5,StorageSite1,rail,1,0.0
CaptureSite5,StorageSite1,rail,2,0.0
CaptureSite5,StorageSite1,rail,3,0.0
CaptureSite5,StorageSite1,rail,4,0.0
CaptureSite5,StorageSite1,rail,5,0.0
CaptureSite5,StorageSite1,rail,6,0.0
CaptureSite5,StorageSite1,rail,7,0.0
CaptureSite5,StorageSite1,rail,8,0.0
CaptureSite5,StorageSite1,rail,9,0.0
CaptureSite5,StorageSite1,rail,10,0.0
CaptureSite5,StorageSite1,rail,11,0.0
CaptureSite5,StorageSite1,rail,12,0.0
CaptureSite5,StorageSite1,rail,13,0.0
CaptureSite5,StorageSite1,rail,14,0.0
CaptureSite5,StorageSite1,rail,15,0.0
CaptureSite5,StorageSite1,rail,16,0.0
CaptureSite5,StorageSite1,rail,17,0.0
CaptureSite5,StorageSite1,rail,18,0.0
CaptureSite5,StorageSite1,rail,19,0.0
CaptureSite5,StorageSite1,rail,20,0.0
CaptureSite5,StorageSite1,rail,21,0.0
CaptureSite5,StorageSite1,rail,22,0.0
CaptureSite5,StorageSite1,rail,23,0.0
CaptureSite5,StorageSite1,rail,24,0.0
CaptureSite5,StorageSite1,rail,25,0.0
CaptureSite5,StorageSite1,pipeline,0,310.0
CaptureSite5,StorageSite1,pipeline,1,287.6000000000091
CaptureSite5,StorageSite1,pipeline,2,265.20000000000005
CaptureSite5,StorageSite1,pipeline,3,242.7999999999941
CaptureSite5,StorageSite1,pipeline,4,220.40000000000003
CaptureSite5,StorageSite1,pipeline,5,215.00000000000193
CaptureSite5,StorageSite1,pipeline,6,215.0
CaptureSite5,StorageSite1,pipeline,7,215.0
CaptureSite5,StorageSite1,pipeline,8,215.0
CaptureSite5,StorageSite1,pipeline,9,215.0
CaptureSite5,StorageSite1,pipeline,10,215.0
CaptureSite5,StorageSite1,pipeline,11,215.0
CaptureSite5,StorageSite1,pipeline,12,215.0
CaptureSite5,StorageSite1,pipeline,13,215.0
CaptureSite5,StorageSite1,pipeline,14,14.761904761904669
CaptureSite5,StorageSite1,pipeline,15,14.761904761906578
CaptureSite5,StorageSite1,pipeline,16,14.761904761904672
CaptureSite5,StorageSite1,pipeline,17,14.761904761906415
CaptureSite5,StorageSite1,pipeline,18,14.761904761904669
CaptureSite5,StorageSite1,pipeline,19,14.761904761904669
CaptureSite5,StorageSite1,pipeline,20,14.761904761906415
CaptureSite5,StorageSite1,pipeline,21,14.761904761906472
CaptureSite5,StorageSite1,pipeline,22,14.761904761904667
CaptureSite5,StorageSite1,pipeline,23,14.761904761904669
CaptureSite5,StorageSite1,pipeline,24,14.761904761904672
CaptureSite5,StorageSite1,pipeline,25,0.0
